{"x_grid": [0.0, 0.02, 0.04, 0.06, 0.08, 0.1, 0.12, 0.14, 0.16, 0.18, 0.2, 0.22, 0.24, 0.26, 0.28, 0.3, 0.32, 0.34, 0.36, 0.38, 0.4, 0.42, 0.44, 0.46, 0.48, 0.5, 0.52, 0.54, 0.56, 0.58, 0.6, 0.62, 0.64, 0.66, 0.68, 0.7000000000000001, 0.72, 0.74, 0.76, 0.78, 0.8, 0.8200000000000001, 0.84, 0.86, 0.88, 0.9, 0.92, 0.9400000000000001, 0.96, 0.98, 1.0], "y_grid": [0.05, 0.05, 0.05, 0.05, 0.05, 0.05, 0.05, 0.06349206349206349, 0.06349206349206349, 0.06349206349206349, 0.09090909090909091, 0.10810810810810811, 0.10810810810810811, 0.10810810810810811, 0.15, 0.15, 0.15, 0.17391304347826086, 0.17391304347826086, 0.17391304347826086, 0.36666666666666664, 0.36666666666666664, 0.36666666666666664, 0.36666666666666664, 0.36666666666666664, 0.36666666666666664, 0.375, 0.375, 0.545454545454546, 0.7272727272727273, 0.7272727272727273, 0.7272727272727273, 0.7272727272727273, 0.7272727272727273, 0.7272727272727273, 0.7272727272727273, 0.7272727272727273, 0.7272727272727273, 0.7272727272727273, 0.7272727272727273, 0.7350422832980973, 0.7868393234672305, 0.8386363636363635, 0.8904334038054967, 0.94223044397463, 0.95, 0.95, 0.95, 0.95, 0.95, 0.95], "n_train": 743, "is_fitted": true}