{"n_pairs": 743, "n_yes": 48, "n_no": 695, "brier_market": 0.046197917900403764, "brier_naive": 0.25, "alpha_vs_naive": 0.20380208209959624, "params": {"max_pages": 25, "min_volume": 0.0, "exclude_mve": false}, "pairs": [[0.088, 0.0], [0.103, 0.0], [0.018, 0.0], [0.15, 0.0], [0.054, 0.0], [0.797, 0.0], [0.101, 0.0], [0.01, 0.0], [0.01, 0.0], [0.101, 0.0], [0.074, 0.0], [0.267, 0.0], [0.03, 0.0], [0.069, 0.0], [0.029, 0.0], [0.407, 0.0], [0.01, 0.0], [0.223, 0.0], [0.01, 0.0], [0.062, 0.0], [0.019, 0.0], [0.18, 0.0], [0.045, 0.0], [0.01, 0.0], [0.092, 0.0], [0.109, 0.0], [0.061, 0.0], [0.096, 0.0], [0.022, 0.0], [0.17, 0.0], [0.308, 0.0], [0.01, 0.0], [0.383, 0.0], [0.466, 0.0], [0.091, 0.0], [0.062, 0.0], [0.107, 0.0], [0.031, 0.0], [0.558, 0.0], [0.01, 0.0], [0.372, 0.0], [0.178, 0.0], [0.417, 0.0], [0.019, 0.0], [0.477, 0.0], [0.318, 0.0], [0.019, 0.0], [0.024, 0.0], [0.235, 0.0], [0.01, 0.0], [0.048, 0.0], [0.149, 0.0], [0.069, 0.0], [0.038, 0.0], [0.087, 0.0], [0.01, 0.0], [0.041, 0.0], [0.01, 0.0], [0.12, 0.0], [0.01, 0.0], [0.059, 0.0], [0.145, 0.0], [0.019, 0.0], [0.011, 0.0], [0.107, 0.0], [0.01, 0.0], [0.228, 0.0], [0.098, 0.0], [0.151, 0.0], [0.137, 0.0], [0.044, 0.0], [0.147, 0.0], [0.098, 0.0], [0.069, 0.0], [0.01, 0.0], [0.118, 0.0], [0.041, 0.0], [0.096, 0.0], [0.356, 0.0], [0.026, 0.0], [0.049, 0.0], [0.044, 0.0], [0.078, 0.0], [0.036, 0.0], [0.033, 0.0], [0.036, 0.0], [0.052, 0.0], [0.159, 0.0], [0.02, 0.0], [0.047, 0.0], [0.281, 0.0], [0.088, 0.0], [0.011, 0.0], [0.08, 0.0], [0.089, 0.0], [0.058, 0.0], [0.015, 0.0], [0.214, 0.0], [0.122, 0.0], [0.114, 0.0], [0.434, 0.0], [0.048, 0.0], [0.021, 0.0], [0.021, 0.0], [0.637, 1.0], [0.072, 0.0], [0.154, 0.0], [0.01, 0.0], [0.033, 0.0], [0.073, 0.0], [0.219, 0.0], [0.05, 0.0], [0.107, 0.0], [0.031, 0.0], [0.234, 0.0], [0.99, 1.0], [0.163, 0.0], [0.038, 0.0], [0.06, 0.0], [0.019, 0.0], [0.248, 0.0], [0.038, 0.0], [0.23, 0.0], [0.117, 0.0], [0.292, 0.0], [0.084, 0.0], [0.01, 0.0], [0.195, 0.0], [0.089, 0.0], [0.09, 0.0], [0.729, 0.0], [0.159, 0.0], [0.297, 0.0], [0.108, 0.0], [0.179, 0.0], [0.021, 0.0], [0.032, 0.0], [0.016, 0.0], [0.335, 0.0], [0.089, 0.0], [0.281, 0.0], [0.267, 0.0], [0.107, 0.0], [0.205, 0.0], [0.015, 0.0], [0.082, 0.0], [0.883, 1.0], [0.272, 1.0], [0.08, 0.0], [0.326, 0.0], [0.015, 0.0], [0.13, 0.0], [0.384, 0.0], [0.018, 0.0], [0.202, 0.0], [0.018, 0.0], [0.961, 1.0], [0.079, 0.0], [0.019, 0.0], [0.012, 0.0], [0.267, 0.0], [0.157, 0.0], [0.109, 0.0], [0.073, 0.0], [0.35, 0.0], [0.016, 0.0], [0.112, 0.0], [0.045, 0.0], [0.01, 0.0], [0.455, 1.0], [0.115, 0.0], [0.32, 0.0], [0.01, 0.0], [0.01, 0.0], [0.745, 1.0], [0.035, 0.0], [0.106, 0.0], [0.045, 0.0], [0.021, 0.0], [0.02, 0.0], [0.218, 0.0], [0.413, 1.0], [0.251, 0.0], [0.149, 0.0], [0.027, 0.0], [0.102, 0.0], [0.341, 0.0], [0.226, 1.0], [0.047, 0.0], [0.063, 0.0], [0.017, 0.0], [0.036, 0.0], [0.304, 0.0], [0.248, 0.0], [0.013, 0.0], [0.5, 1.0], [0.158, 0.0], [0.152, 1.0], [0.016, 0.0], [0.02, 0.0], [0.214, 0.0], [0.352, 0.0], [0.02, 0.0], [0.023, 0.0], [0.066, 0.0], [0.044, 0.0], [0.059, 0.0], [0.141, 0.0], [0.473, 0.0], [0.226, 0.0], [0.02, 0.0], [0.915, 1.0], [0.528, 0.0], [0.543, 0.0], [0.331, 0.0], [0.037, 0.0], [0.258, 0.0], [0.047, 0.0], [0.01, 0.0], [0.06, 0.0], [0.336, 1.0], [0.01, 0.0], [0.16, 0.0], [0.416, 0.0], [0.464, 1.0], [0.185, 0.0], [0.156, 0.0], [0.104, 0.0], [0.477, 1.0], [0.21, 0.0], [0.058, 0.0], [0.092, 0.0], [0.05, 0.0], [0.08, 0.0], [0.039, 0.0], [0.291, 0.0], [0.033, 0.0], [0.016, 0.0], [0.011, 0.0], [0.016, 0.0], [0.011, 0.0], [0.034, 0.0], [0.089, 0.0], [0.222, 0.0], [0.047, 0.0], [0.015, 0.0], [0.43, 1.0], [0.18, 0.0], [0.059, 0.0], [0.681, 1.0], [0.247, 0.0], [0.351, 0.0], [0.45, 0.0], [0.15, 0.0], [0.344, 1.0], [0.093, 0.0], [0.016, 0.0], [0.424, 0.0], [0.031, 0.0], [0.249, 0.0], [0.98, 1.0], [0.52, 1.0], [0.079, 0.0], [0.195, 0.0], [0.021, 0.0], [0.059, 0.0], [0.066, 0.0], [0.027, 0.0], [0.022, 0.0], [0.033, 0.0], [0.152, 0.0], [0.07, 0.0], [0.018, 0.0], [0.054, 0.0], [0.111, 0.0], [0.073, 0.0], [0.063, 0.0], [0.02, 0.0], [0.182, 0.0], [0.016, 0.0], [0.043, 0.0], [0.226, 0.0], [0.152, 0.0], [0.046, 0.0], [0.149, 0.0], [0.01, 0.0], [0.113, 0.0], [0.083, 0.0], [0.014, 0.0], [0.035, 0.0], [0.081, 0.0], [0.066, 0.0], [0.035, 0.0], [0.181, 0.0], [0.097, 0.0], [0.163, 0.0], [0.01, 0.0], [0.013, 0.0], [0.07, 0.0], [0.094, 0.0], [0.096, 0.0], [0.155, 0.0], [0.061, 0.0], [0.091, 0.0], [0.137, 0.0], [0.72, 1.0], [0.016, 0.0], [0.01, 0.0], [0.315, 0.0], [0.013, 0.0], [0.129, 0.0], [0.27, 0.0], [0.212, 1.0], [0.336, 0.0], [0.05, 0.0], [0.175, 0.0], [0.128, 0.0], [0.03, 0.0], [0.017, 0.0], [0.029, 0.0], [0.068, 0.0], [0.099, 0.0], [0.01, 0.0], [0.075, 0.0], [0.034, 0.0], [0.171, 0.0], [0.025, 0.0], [0.01, 0.0], [0.169, 1.0], [0.022, 0.0], [0.01, 0.0], [0.112, 0.0], [0.075, 0.0], [0.34, 0.0], [0.039, 0.0], [0.112, 0.0], [0.058, 0.0], [0.06, 0.0], [0.276, 1.0], [0.101, 0.0], [0.125, 0.0], [0.01, 0.0], [0.343, 0.0], [0.05, 0.0], [0.184, 0.0], [0.036, 0.0], [0.208, 0.0], [0.04, 0.0], [0.053, 0.0], [0.011, 0.0], [0.049, 0.0], [0.064, 0.0], [0.16, 0.0], [0.02, 0.0], [0.25, 0.0], [0.179, 0.0], [0.025, 0.0], [0.111, 0.0], [0.032, 0.0], [0.6, 1.0], [0.088, 0.0], [0.01, 0.0], [0.191, 1.0], [0.01, 0.0], [0.099, 0.0], [0.047, 0.0], [0.085, 0.0], [0.568, 1.0], [0.092, 0.0], [0.175, 0.0], [0.01, 0.0], [0.095, 0.0], [0.01, 0.0], [0.01, 0.0], [0.048, 0.0], [0.321, 1.0], [0.017, 0.0], [0.087, 0.0], [0.029, 0.0], [0.142, 1.0], [0.028, 0.0], [0.063, 0.0], [0.026, 0.0], [0.266, 0.0], [0.033, 0.0], [0.055, 0.0], [0.18, 0.0], [0.025, 0.0], [0.136, 0.0], [0.094, 0.0], [0.052, 0.0], [0.089, 0.0], [0.014, 0.0], [0.371, 0.0], [0.19, 0.0], [0.033, 0.0], [0.031, 0.0], [0.018, 0.0], [0.031, 0.0], [0.14, 1.0], [0.038, 0.0], [0.961, 1.0], [0.042, 0.0], [0.01, 0.0], [0.019, 0.0], [0.01, 0.0], [0.035, 0.0], [0.031, 0.0], [0.187, 0.0], [0.046, 0.0], [0.107, 0.0], [0.678, 1.0], [0.273, 0.0], [0.011, 0.0], [0.027, 0.0], [0.028, 0.0], [0.01, 0.0], [0.051, 0.0], [0.018, 0.0], [0.051, 0.0], [0.157, 0.0], [0.047, 0.0], [0.548, 0.0], [0.01, 0.0], [0.301, 0.0], [0.01, 0.0], [0.178, 0.0], [0.01, 0.0], [0.042, 0.0], [0.014, 0.0], [0.042, 0.0], [0.08, 0.0], [0.01, 0.0], [0.549, 1.0], [0.046, 0.0], [0.025, 0.0], [0.014, 0.0], [0.028, 0.0], [0.295, 0.0], [0.01, 0.0], [0.012, 0.0], [0.306, 0.0], [0.01, 0.0], [0.111, 0.0], [0.045, 1.0], [0.103, 0.0], [0.397, 1.0], [0.01, 0.0], [0.143, 0.0], [0.294, 0.0], [0.061, 0.0], [0.457, 0.0], [0.222, 0.0], [0.045, 0.0], [0.046, 0.0], [0.172, 0.0], [0.014, 0.0], [0.029, 0.0], [0.09, 0.0], [0.011, 0.0], [0.137, 0.0], [0.583, 1.0], [0.36, 0.0], [0.042, 0.0], [0.087, 1.0], [0.096, 0.0], [0.046, 0.0], [0.152, 0.0], [0.017, 0.0], [0.045, 0.0], [0.01, 0.0], [0.01, 0.0], [0.049, 0.0], [0.208, 0.0], [0.01, 0.0], [0.01, 0.0], [0.01, 0.0], [0.025, 0.0], [0.068, 0.0], [0.01, 0.0], [0.116, 0.0], [0.071, 0.0], [0.065, 0.0], [0.028, 0.0], [0.428, 1.0], [0.017, 0.0], [0.069, 0.0], [0.011, 0.0], [0.055, 0.0], [0.055, 0.0], [0.082, 0.0], [0.01, 0.0], [0.089, 0.0], [0.071, 0.0], [0.01, 0.0], [0.01, 0.0], [0.144, 0.0], [0.01, 0.0], [0.238, 0.0], [0.054, 0.0], [0.217, 0.0], [0.01, 0.0], [0.01, 0.0], [0.013, 0.0], [0.087, 0.0], [0.056, 0.0], [0.028, 0.0], [0.013, 0.0], [0.069, 0.0], [0.026, 0.0], [0.055, 0.0], [0.017, 0.0], [0.105, 0.0], [0.105, 0.0], [0.01, 0.0], [0.045, 0.0], [0.01, 0.0], [0.253, 0.0], [0.014, 0.0], [0.081, 0.0], [0.027, 0.0], [0.029, 0.0], [0.164, 0.0], [0.03, 0.0], [0.046, 0.0], [0.099, 0.0], [0.061, 0.0], [0.089, 0.0], [0.333, 0.0], [0.032, 0.0], [0.131, 0.0], [0.04, 0.0], [0.112, 0.0], [0.036, 0.0], [0.012, 0.0], [0.01, 0.0], [0.053, 0.0], [0.054, 0.0], [0.128, 0.0], [0.031, 0.0], [0.292, 1.0], [0.043, 0.0], [0.072, 0.0], [0.106, 1.0], [0.299, 0.0], [0.087, 0.0], [0.087, 0.0], [0.548, 0.0], [0.05, 0.0], [0.197, 0.0], [0.059, 0.0], [0.01, 0.0], [0.044, 0.0], [0.023, 0.0], [0.501, 0.0], [0.037, 0.0], [0.12, 0.0], [0.014, 0.0], [0.138, 0.0], [0.01, 0.0], [0.146, 0.0], [0.123, 0.0], [0.012, 0.0], [0.066, 0.0], 